<drawingAnimations>
 <drawingAnimation spritesheet="sheet_Top" name="rig_Top">
  <drawing node="Zilky_Weapon" name="66-Weapon" drwId="1">
   <drw skinId="0" frame="1" repeat="1" name="66-Weapon-qf01.png"/>
   <drw skinId="1" frame="1" repeat="1" name="66-Weapon-qf01.png"/>
   <drw skinId="2" frame="1" repeat="1" name="66-Weapon-qf01.png"/>
   <drw skinId="3" frame="1" repeat="1" name="66-Weapon-qf01.png"/>
  </drawing>
  <drawing node="Zilky_Wrist_Front_" name="26-Wrist_Front_" drwId="2">
   <drw skinId="2" frame="1" repeat="1" name="26-Wrist_Front_-qf01.png"/>
   <drw skinId="3" frame="1" repeat="1" name="26-Wrist_Front_-qf02.png"/>
  </drawing>
  <drawing node="Zilky_Gauntlet_Front" name="46-Gauntlet_Front" drwId="3"/>
  <drawing node="Zilky_Hand_Front" name="11-Hand_Front" drwId="4">
   <drw skinId="0" frame="1" repeat="1" name="11-Hand_Front-1.png"/>
  </drawing>
  <drawing node="Zilky_Shoulder_Front" name="22-Shoulder_Front" drwId="5">
   <drw skinId="2" frame="1" repeat="1" name="22-Shoulder_Front-qf01.png"/>
   <drw skinId="3" frame="1" repeat="1" name="22-Shoulder_Front-qf02.png"/>
  </drawing>
  <drawing node="Zilky_Arm_Front" name="8-Arm_Front" drwId="6">
   <drw skinId="0" frame="1" repeat="1" name="8-Arm_Front-1.png"/>
  </drawing>
  <drawing node="Zilky_WristBack_Front" name="31-WristBack_Front" drwId="7">
   <drw skinId="2" frame="1" repeat="1" name="31-WristBack_Front-qf01.png"/>
   <drw skinId="3" frame="1" repeat="1" name="31-WristBack_Front-qf02.png"/>
  </drawing>
  <drawing node="Zilky_HEAD_Headchief" name="21-Headchief" drwId="8">
   <drw skinId="2" frame="1" repeat="1" name="21-Headchief-qf01.png"/>
   <drw skinId="3" frame="1" repeat="1" name="21-Headchief-qf02.png"/>
  </drawing>
  <drawing node="Zilky_HEAD_Tattoo_Front" name="28-Tattoo_Front" drwId="9">
   <drw skinId="0" frame="1" repeat="1" name="28-Tattoo_Front-qf02.png"/>
   <drw skinId="1" frame="1" repeat="1" name="28-Tattoo_Front-qf02.png"/>
   <drw skinId="2" frame="1" repeat="1" name="28-Tattoo_Front-qf01.png"/>
   <drw skinId="3" frame="1" repeat="1" name="28-Tattoo_Front-qf02.png"/>
  </drawing>
  <drawing node="Zilky_HEAD_Tattoo_Back" name="29-Tattoo_Back" drwId="10">
   <drw skinId="0" frame="1" repeat="1" name="29-Tattoo_Back-qf02.png"/>
   <drw skinId="1" frame="1" repeat="1" name="29-Tattoo_Back-qf02.png"/>
   <drw skinId="2" frame="1" repeat="1" name="29-Tattoo_Back-qf01.png"/>
   <drw skinId="3" frame="1" repeat="1" name="29-Tattoo_Back-qf02.png"/>
  </drawing>
  <drawing node="Zilky_HEAD_Mouth" name="20-Mouth" drwId="11">
   <drw skinId="0" frame="1" repeat="1" name="20-Mouth-1.png"/>
  </drawing>
  <drawing node="Zilky_HEAD_Eyebrow_Front" name="13-Eyebrow_Front" drwId="12">
   <drw skinId="0" frame="1" repeat="1" name="13-Eyebrow_Front-1.png"/>
  </drawing>
  <drawing node="Zilky_HEAD_Eyebrow_Back" name="14-Eyebrow_Back" drwId="13">
   <drw skinId="0" frame="1" repeat="1" name="14-Eyebrow_Back-1.png"/>
  </drawing>
  <drawing node="Zilky_HEAD_Hair" name="48-Hair" drwId="14">
   <drw skinId="2" frame="1" repeat="1" name="48-Hair-qf01.png"/>
  </drawing>
  <drawing node="Zilky_HEAD_Eyelid_Front" name="18-Eyelid_Front" drwId="15">
   <drw skinId="0" frame="1" repeat="1" name="18-Eyelid_Front-1.png"/>
  </drawing>
  <drawing node="Zilky_HEAD_Pupil_Front" name="17-Pupil_Front" drwId="16">
   <drw skinId="0" frame="1" repeat="1" name="17-Pupil_Front-1.png"/>
  </drawing>
  <drawing node="Zilky_HEAD_Eye_Front" name="12-Eye_Front" drwId="17">
   <drw skinId="0" frame="1" repeat="1" name="12-Eye_Front-1.png"/>
  </drawing>
  <drawing node="Zilky_HEAD_Eyelid_Back" name="19-Eyelid_Back" drwId="18">
   <drw skinId="0" frame="1" repeat="1" name="19-Eyelid_Back-1.png"/>
  </drawing>
  <drawing node="Zilky_HEAD_Pupil_Back" name="16-Pupil_Back" drwId="19">
   <drw skinId="0" frame="1" repeat="1" name="16-Pupil_Back-1.png"/>
  </drawing>
  <drawing node="Zilky_HEAD_Eye_Back" name="15-Eye_Back" drwId="20">
   <drw skinId="0" frame="1" repeat="1" name="15-Eye_Back-1.png"/>
  </drawing>
  <drawing node="Zilky_HEAD_Head" name="2-Head" drwId="21">
   <drw skinId="0" frame="1" repeat="1" name="2-Head-1.png"/>
  </drawing>
  <drawing node="Zilky_Hip_A" name="75-Hip_A" drwId="22">
   <drw skinId="2" frame="1" repeat="1" name="75-Hip_A-qf01.png"/>
  </drawing>
  <drawing node="Zilky_knee_pad_front" name="60-knee_pad_front" drwId="23">
   <drw skinId="3" frame="1" repeat="1" name="60-knee_pad_front-qf02.png"/>
  </drawing>
  <drawing node="Zilky_Thigh_guard_front" name="62-Thigh_guard_front" drwId="24">
   <drw skinId="3" frame="1" repeat="1" name="62-Thigh_guard_front-qf02.png"/>
  </drawing>
  <drawing node="Zilky_Leg_guard_front" name="61-Leg_guard_front" drwId="25">
   <drw skinId="2" frame="1" repeat="1" name="61-Leg_guard_front-qf01.png"/>
   <drw skinId="3" frame="1" repeat="1" name="61-Leg_guard_front-qf02.png"/>
  </drawing>
  <drawing node="Zilky_Leg_Front" name="4-Leg_Front" drwId="26">
   <drw skinId="0" frame="1" repeat="1" name="4-Leg_Front-1.png"/>
  </drawing>
  <drawing node="Zilky_Feet_Front" name="7-Feet_Front" drwId="27">
   <drw skinId="0" frame="1" repeat="1" name="7-Feet_Front-1.png"/>
  </drawing>
  <drawing node="Zilky_Hip_B" name="25-Hip_B" drwId="28">
   <drw skinId="3" frame="1" repeat="1" name="25-Hip_B-qf02.png"/>
  </drawing>
  <drawing node="Zilky_Chest" name="24-Chest" drwId="29">
   <drw skinId="2" frame="1" repeat="1" name="24-Chest-qf01.png"/>
   <drw skinId="3" frame="1" repeat="1" name="24-Chest-qf02.png"/>
  </drawing>
  <drawing node="Zilky_Body" name="3-Body" drwId="30">
   <drw skinId="0" frame="1" repeat="1" name="3-Body-1.png"/>
  </drawing>
  <drawing node="Zilky_knee_pad_back" name="63-knee_pad_back" drwId="31">
   <drw skinId="3" frame="1" repeat="1" name="63-knee_pad_back-qf02.png"/>
  </drawing>
  <drawing node="Zilky_thigh_guard_back" name="64-thigh_guard_back" drwId="32">
   <drw skinId="3" frame="1" repeat="1" name="64-thigh_guard_back-qf02.png"/>
  </drawing>
  <drawing node="Zilky_leg_guard_back" name="65-leg_guard_back" drwId="33">
   <drw skinId="2" frame="1" repeat="1" name="65-leg_guard_back-qf01.png"/>
   <drw skinId="3" frame="1" repeat="1" name="65-leg_guard_back-qf02.png"/>
  </drawing>
  <drawing node="Zilky_Leg_Back" name="5-Leg_Back" drwId="34">
   <drw skinId="0" frame="1" repeat="1" name="5-Leg_Back-1.png"/>
  </drawing>
  <drawing node="Zilky_Feet_Back" name="6-Feet_Back" drwId="35">
   <drw skinId="0" frame="1" repeat="1" name="6-Feet_Back-1.png"/>
  </drawing>
  <drawing node="Zilky_Wrist_Back" name="27-Wrist_Back" drwId="36">
   <drw skinId="2" frame="1" repeat="1" name="27-Wrist_Back-qf01.png"/>
   <drw skinId="3" frame="1" repeat="1" name="27-Wrist_Back-qf02.png"/>
  </drawing>
  <drawing node="Zilky_Hand_Back" name="10-Hand_Back" drwId="37">
   <drw skinId="0" frame="1" repeat="1" name="10-Hand_Back-3.png"/>
  </drawing>
  <drawing node="Zilky_Gauntlet_Back" name="47-Gauntlet_Back" drwId="38"/>
  <drawing node="Zilky_Shoulder_Back" name="23-Shoulder_Back" drwId="39">
   <drw skinId="2" frame="1" repeat="1" name="23-Shoulder_Back-qf01.png"/>
   <drw skinId="3" frame="1" repeat="1" name="23-Shoulder_Back-qf02.png"/>
  </drawing>
  <drawing node="Zilky_Arm_Back" name="9-Arm_Back" drwId="40">
   <drw skinId="0" frame="1" repeat="1" name="9-Arm_Back-1.png"/>
  </drawing>
  <drawing node="Zilky_WristBack_Back" name="30-WristBack_Back" drwId="41">
   <drw skinId="2" frame="1" repeat="1" name="30-WristBack_Back-qf01.png"/>
   <drw skinId="3" frame="1" repeat="1" name="30-WristBack_Back-qf02.png"/>
  </drawing>
 </drawingAnimation>
 <drawingAnimation spritesheet="sheet_Top" name="walk_Top">
  <drawing node="Zilky_Weapon" name="66-Weapon" drwId="1">
   <drw skinId="0" frame="1" repeat="18" name="66-Weapon-qf01.png"/>
   <drw skinId="1" frame="1" repeat="18" name="66-Weapon-qf01.png"/>
   <drw skinId="2" frame="1" repeat="18" name="66-Weapon-qf01.png"/>
   <drw skinId="3" frame="1" repeat="18" name="66-Weapon-qf01.png"/>
  </drawing>
  <drawing node="Zilky_Wrist_Front_" name="26-Wrist_Front_" drwId="2">
   <drw skinId="2" frame="1" repeat="18" name="26-Wrist_Front_-qf01.png"/>
   <drw skinId="3" frame="1" repeat="18" name="26-Wrist_Front_-qf02.png"/>
  </drawing>
  <drawing node="Zilky_Gauntlet_Front" name="46-Gauntlet_Front" drwId="3"/>
  <drawing node="Zilky_Hand_Front" name="11-Hand_Front" drwId="4">
   <drw skinId="0" frame="1" repeat="18" name="11-Hand_Front-1.png"/>
  </drawing>
  <drawing node="Zilky_Shoulder_Front" name="22-Shoulder_Front" drwId="5">
   <drw skinId="2" frame="1" repeat="18" name="22-Shoulder_Front-qf01.png"/>
   <drw skinId="3" frame="1" repeat="18" name="22-Shoulder_Front-qf02.png"/>
  </drawing>
  <drawing node="Zilky_Arm_Front" name="8-Arm_Front" drwId="6">
   <drw skinId="0" frame="1" repeat="18" name="8-Arm_Front-1.png"/>
  </drawing>
  <drawing node="Zilky_WristBack_Front" name="31-WristBack_Front" drwId="7">
   <drw skinId="2" frame="1" repeat="18" name="31-WristBack_Front-qf01.png"/>
   <drw skinId="3" frame="1" repeat="18" name="31-WristBack_Front-qf02.png"/>
  </drawing>
  <drawing node="Zilky_HEAD_Headchief" name="21-Headchief" drwId="8">
   <drw skinId="2" frame="1" repeat="18" name="21-Headchief-qf01.png"/>
   <drw skinId="3" frame="1" repeat="18" name="21-Headchief-qf02.png"/>
  </drawing>
  <drawing node="Zilky_HEAD_Tattoo_Front" name="28-Tattoo_Front" drwId="9">
   <drw skinId="0" frame="1" repeat="18" name="28-Tattoo_Front-qf02.png"/>
   <drw skinId="1" frame="1" repeat="18" name="28-Tattoo_Front-qf02.png"/>
   <drw skinId="2" frame="1" repeat="18" name="28-Tattoo_Front-qf01.png"/>
   <drw skinId="3" frame="1" repeat="18" name="28-Tattoo_Front-qf02.png"/>
  </drawing>
  <drawing node="Zilky_HEAD_Tattoo_Back" name="29-Tattoo_Back" drwId="10">
   <drw skinId="0" frame="1" repeat="18" name="29-Tattoo_Back-qf02.png"/>
   <drw skinId="1" frame="1" repeat="18" name="29-Tattoo_Back-qf02.png"/>
   <drw skinId="2" frame="1" repeat="18" name="29-Tattoo_Back-qf01.png"/>
   <drw skinId="3" frame="1" repeat="18" name="29-Tattoo_Back-qf02.png"/>
  </drawing>
  <drawing node="Zilky_HEAD_Mouth" name="20-Mouth" drwId="11">
   <drw skinId="0" frame="1" repeat="18" name="20-Mouth-1.png"/>
  </drawing>
  <drawing node="Zilky_HEAD_Eyebrow_Front" name="13-Eyebrow_Front" drwId="12">
   <drw skinId="0" frame="1" repeat="18" name="13-Eyebrow_Front-1.png"/>
  </drawing>
  <drawing node="Zilky_HEAD_Eyebrow_Back" name="14-Eyebrow_Back" drwId="13">
   <drw skinId="0" frame="1" repeat="18" name="14-Eyebrow_Back-1.png"/>
  </drawing>
  <drawing node="Zilky_HEAD_Hair" name="48-Hair" drwId="14">
   <drw skinId="2" frame="1" repeat="18" name="48-Hair-qf01.png"/>
  </drawing>
  <drawing node="Zilky_HEAD_Eyelid_Front" name="18-Eyelid_Front" drwId="15">
   <drw skinId="0" frame="1" repeat="18" name="18-Eyelid_Front-1.png"/>
  </drawing>
  <drawing node="Zilky_HEAD_Pupil_Front" name="17-Pupil_Front" drwId="16">
   <drw skinId="0" frame="1" repeat="18" name="17-Pupil_Front-1.png"/>
  </drawing>
  <drawing node="Zilky_HEAD_Eye_Front" name="12-Eye_Front" drwId="17">
   <drw skinId="0" frame="1" repeat="18" name="12-Eye_Front-1.png"/>
  </drawing>
  <drawing node="Zilky_HEAD_Eyelid_Back" name="19-Eyelid_Back" drwId="18">
   <drw skinId="0" frame="1" repeat="18" name="19-Eyelid_Back-1.png"/>
  </drawing>
  <drawing node="Zilky_HEAD_Pupil_Back" name="16-Pupil_Back" drwId="19">
   <drw skinId="0" frame="1" repeat="18" name="16-Pupil_Back-1.png"/>
  </drawing>
  <drawing node="Zilky_HEAD_Eye_Back" name="15-Eye_Back" drwId="20">
   <drw skinId="0" frame="1" repeat="18" name="15-Eye_Back-1.png"/>
  </drawing>
  <drawing node="Zilky_HEAD_Head" name="2-Head" drwId="21">
   <drw skinId="0" frame="1" repeat="18" name="2-Head-1.png"/>
  </drawing>
  <drawing node="Zilky_Hip_A" name="75-Hip_A" drwId="22">
   <drw skinId="2" frame="1" repeat="18" name="75-Hip_A-qf01.png"/>
  </drawing>
  <drawing node="Zilky_knee_pad_front" name="60-knee_pad_front" drwId="23">
   <drw skinId="3" frame="1" repeat="18" name="60-knee_pad_front-qf02.png"/>
  </drawing>
  <drawing node="Zilky_Thigh_guard_front" name="62-Thigh_guard_front" drwId="24">
   <drw skinId="3" frame="1" repeat="18" name="62-Thigh_guard_front-qf02.png"/>
  </drawing>
  <drawing node="Zilky_Leg_guard_front" name="61-Leg_guard_front" drwId="25">
   <drw skinId="2" frame="1" repeat="18" name="61-Leg_guard_front-qf01.png"/>
   <drw skinId="3" frame="1" repeat="18" name="61-Leg_guard_front-qf02.png"/>
  </drawing>
  <drawing node="Zilky_Leg_Front" name="4-Leg_Front" drwId="26">
   <drw skinId="0" frame="1" repeat="18" name="4-Leg_Front-1.png"/>
  </drawing>
  <drawing node="Zilky_Feet_Front" name="7-Feet_Front" drwId="27">
   <drw skinId="0" frame="1" repeat="18" name="7-Feet_Front-1.png"/>
  </drawing>
  <drawing node="Zilky_Hip_B" name="25-Hip_B" drwId="28">
   <drw skinId="3" frame="1" repeat="18" name="25-Hip_B-qf02.png"/>
  </drawing>
  <drawing node="Zilky_Chest" name="24-Chest" drwId="29">
   <drw skinId="2" frame="1" repeat="18" name="24-Chest-qf01.png"/>
   <drw skinId="3" frame="1" repeat="18" name="24-Chest-qf02.png"/>
  </drawing>
  <drawing node="Zilky_Body" name="3-Body" drwId="30">
   <drw skinId="0" frame="1" repeat="18" name="3-Body-1.png"/>
  </drawing>
  <drawing node="Zilky_knee_pad_back" name="63-knee_pad_back" drwId="31">
   <drw skinId="3" frame="1" repeat="18" name="63-knee_pad_back-qf02.png"/>
  </drawing>
  <drawing node="Zilky_thigh_guard_back" name="64-thigh_guard_back" drwId="32">
   <drw skinId="3" frame="1" repeat="18" name="64-thigh_guard_back-qf02.png"/>
  </drawing>
  <drawing node="Zilky_leg_guard_back" name="65-leg_guard_back" drwId="33">
   <drw skinId="2" frame="1" repeat="18" name="65-leg_guard_back-qf01.png"/>
   <drw skinId="3" frame="1" repeat="18" name="65-leg_guard_back-qf02.png"/>
  </drawing>
  <drawing node="Zilky_Leg_Back" name="5-Leg_Back" drwId="34">
   <drw skinId="0" frame="1" repeat="18" name="5-Leg_Back-1.png"/>
  </drawing>
  <drawing node="Zilky_Feet_Back" name="6-Feet_Back" drwId="35">
   <drw skinId="0" frame="1" repeat="18" name="6-Feet_Back-1.png"/>
  </drawing>
  <drawing node="Zilky_Wrist_Back" name="27-Wrist_Back" drwId="36">
   <drw skinId="2" frame="1" repeat="18" name="27-Wrist_Back-qf01.png"/>
   <drw skinId="3" frame="1" repeat="18" name="27-Wrist_Back-qf02.png"/>
  </drawing>
  <drawing node="Zilky_Hand_Back" name="10-Hand_Back" drwId="37">
   <drw skinId="0" frame="1" repeat="18" name="10-Hand_Back-3.png"/>
  </drawing>
  <drawing node="Zilky_Gauntlet_Back" name="47-Gauntlet_Back" drwId="38"/>
  <drawing node="Zilky_Shoulder_Back" name="23-Shoulder_Back" drwId="39">
   <drw skinId="2" frame="1" repeat="18" name="23-Shoulder_Back-qf01.png"/>
   <drw skinId="3" frame="1" repeat="18" name="23-Shoulder_Back-qf02.png"/>
  </drawing>
  <drawing node="Zilky_Arm_Back" name="9-Arm_Back" drwId="40">
   <drw skinId="0" frame="1" repeat="18" name="9-Arm_Back-1.png"/>
  </drawing>
  <drawing node="Zilky_WristBack_Back" name="30-WristBack_Back" drwId="41">
   <drw skinId="2" frame="1" repeat="18" name="30-WristBack_Back-qf01.png"/>
   <drw skinId="3" frame="1" repeat="18" name="30-WristBack_Back-qf02.png"/>
  </drawing>
 </drawingAnimation>
</drawingAnimations>
