<skeletons>
 <skeleton name="Top">
  <nodes>
   <peg id="0" name="Zilky_Master-P"/>
   <peg id="1" name="Zilky_FullBody-P"/>
   <peg id="2" name="Zilky_KinematicOutput_12"/>
   <peg id="3" name="Zilky_Arm_Front-P"/>
   <bone id="4" name="Zilky_Deformation-Arm_Front_Bone"/>
   <peg id="5" name="Zilky_KinematicOutput_19"/>
   <peg id="6" name="Zilky_Weapon-P"/>
   <deform id="7" name="Zilky_Deformation-Weapon_Bone_1-DEFORM"/>
   <deformRoot id="8" name="Zilky_Deformation-Weapon_Bone_1-DEFORM-ROOT"/>
   <bone id="9" name="Zilky_Deformation-Weapon_Bone"/>
   <bone id="10" name="Zilky_Deformation-Weapon_Bone_1"/>
   <read id="11" name="Zilky_Weapon"/>
   <bone id="12" name="Zilky_Deformation-Arm_Front_Bone_1"/>
   <peg id="13" name="Zilky_KinematicOutput_6"/>
   <peg id="14" name="Zilky_ANCHOR_Wrist_Front-P"/>
   <read id="15" name="Zilky_Wrist_Front_"/>
   <peg id="16" name="Zilky_KinematicOutput_1"/>
   <peg id="17" name="Zilky_Gauntlet_Front-P"/>
   <read id="18" name="Zilky_Gauntlet_Front"/>
   <peg id="19" name="Zilky_Hand_Front-P"/>
   <read id="20" name="Zilky_Hand_Front"/>
   <peg id="21" name="Zilky_KinematicOutput_9"/>
   <peg id="22" name="Zilky_Shoulder_Front-P"/>
   <deform id="23" name="Zilky_Deformation-Shoulder_Front_Bone_1-DEFORM"/>
   <deformRoot id="24" name="Zilky_Deformation-Shoulder_Front_Bone_1-DEFORM-ROOT"/>
   <bone id="25" name="Zilky_Deformation-Shoulder_Front_Bone"/>
   <bone id="26" name="Zilky_Deformation-Shoulder_Front_Bone_1"/>
   <read id="27" name="Zilky_Shoulder_Front"/>
   <deform id="28" name="Zilky_Deformation-Arm_Front_Bone_1-DEFORM"/>
   <deformRoot id="29" name="Zilky_Deformation-Arm_Front_Bone_1-DEFORM-ROOT"/>
   <bone id="30" name="Zilky_Deformation-Arm_Front_Bone"/>
   <bone id="31" name="Zilky_Deformation-Arm_Front_Bone_1"/>
   <read id="32" name="Zilky_Arm_Front"/>
   <bone id="33" name="Zilky_Deformation-Arm_Front_Bone"/>
   <bone id="34" name="Zilky_Deformation-Arm_Front_Bone_1"/>
   <peg id="35" name="Zilky_KinematicOutput_5"/>
   <peg id="36" name="Zilky_WristBack_Front-P"/>
   <read id="37" name="Zilky_WristBack_Front"/>
   <peg id="38" name="Zilky_KinematicOutput_11"/>
   <peg id="39" name="Zilky_HEAD_Master_Head-P"/>
   <peg id="40" name="Zilky_HEAD_Headchief-P"/>
   <deform id="41" name="Zilky_HEAD_Deformation-Headchief_Bone_1-DEFORM"/>
   <deformRoot id="42" name="Zilky_HEAD_Deformation-Headchief_Bone_1-DEFORM-ROOT"/>
   <bone id="43" name="Zilky_HEAD_Deformation-Headchief_Bone"/>
   <bone id="44" name="Zilky_HEAD_Deformation-Headchief_Bone_1"/>
   <read id="45" name="Zilky_HEAD_Headchief"/>
   <peg id="46" name="Zilky_HEAD_Tattoo_Front-P"/>
   <read id="47" name="Zilky_HEAD_Tattoo_Front"/>
   <peg id="48" name="Zilky_HEAD_Tattoo_Back-P"/>
   <read id="49" name="Zilky_HEAD_Tattoo_Back"/>
   <peg id="50" name="Zilky_HEAD_Mouth-P"/>
   <read id="51" name="Zilky_HEAD_Mouth"/>
   <peg id="52" name="Zilky_HEAD_Eyebrow_Front-P"/>
   <read id="53" name="Zilky_HEAD_Eyebrow_Front"/>
   <peg id="54" name="Zilky_HEAD_Eyebrow_Back-P"/>
   <read id="55" name="Zilky_HEAD_Eyebrow_Back"/>
   <peg id="56" name="Zilky_HEAD_Hair-P"/>
   <read id="57" name="Zilky_HEAD_Hair"/>
   <peg id="58" name="Zilky_HEAD_Eyelid_Front-P"/>
   <read id="59" name="Zilky_HEAD_Eyelid_Front"/>
   <peg id="60" name="Zilky_HEAD_Pupil_Front-P"/>
   <read id="61" name="Zilky_HEAD_Pupil_Front"/>
   <peg id="62" name="Zilky_HEAD_Eye_Front-P"/>
   <read id="63" name="Zilky_HEAD_Eye_Front"/>
   <peg id="64" name="Zilky_HEAD_Eyelid_Back-P"/>
   <read id="65" name="Zilky_HEAD_Eyelid_Back"/>
   <peg id="66" name="Zilky_HEAD_Pupil_Back-P"/>
   <read id="67" name="Zilky_HEAD_Pupil_Back"/>
   <peg id="68" name="Zilky_HEAD_Eye_Back-P"/>
   <read id="69" name="Zilky_HEAD_Eye_Back"/>
   <peg id="70" name="Zilky_HEAD_Head-P"/>
   <read id="71" name="Zilky_HEAD_Head"/>
   <peg id="72" name="Zilky_Hip_A-P"/>
   <deform id="73" name="Zilky_Deformation-Hip_1_Bone_1-DEFORM"/>
   <deformRoot id="74" name="Zilky_Deformation-Hip_1_Bone_1-DEFORM-ROOT"/>
   <bone id="75" name="Zilky_Deformation-Hip_1_Bone"/>
   <bone id="76" name="Zilky_Deformation-Hip_1_Bone_1"/>
   <read id="77" name="Zilky_Hip_A"/>
   <peg id="78" name="Zilky_Leg_Front-P"/>
   <bone id="79" name="Zilky_Deformation-Leg_Front_Bone"/>
   <bone id="80" name="Zilky_Deformation-Leg_Front_Bone_1"/>
   <peg id="81" name="Zilky_KinematicOutput_13"/>
   <peg id="82" name="Zilky_KneePad_Front-P"/>
   <read id="83" name="Zilky_knee_pad_front"/>
   <peg id="84" name="Zilky_KinematicOutput_15"/>
   <peg id="85" name="Zilky_GuardLeg_Front-P"/>
   <read id="86" name="Zilky_Thigh_guard_front"/>
   <peg id="87" name="Zilky_KinematicOutput_14"/>
   <peg id="88" name="Zilky_GuardThigh_Front-P"/>
   <read id="89" name="Zilky_Leg_guard_front"/>
   <deform id="90" name="Zilky_Deformation-Leg_Front_Bone_1-DEFORM"/>
   <deformRoot id="91" name="Zilky_Deformation-Leg_Front_Bone_1-DEFORM-ROOT"/>
   <bone id="92" name="Zilky_Deformation-Leg_Front_Bone"/>
   <bone id="93" name="Zilky_Deformation-Leg_Front_Bone_1"/>
   <read id="94" name="Zilky_Leg_Front"/>
   <bone id="95" name="Zilky_Deformation-Leg_Front_Bone"/>
   <bone id="96" name="Zilky_Deformation-Leg_Front_Bone_1"/>
   <peg id="97" name="Zilky_KinematicOutput_3"/>
   <peg id="98" name="Zilky_Feet_Front-P"/>
   <deform id="99" name="Zilky_Deformation-Feet_Front_Bone_1-DEFORM"/>
   <deformRoot id="100" name="Zilky_Deformation-Feet_Front_Bone_1-DEFORM-ROOT"/>
   <bone id="101" name="Zilky_Deformation-Feet_Front_Bone"/>
   <bone id="102" name="Zilky_Deformation-Feet_Front_Bone_1"/>
   <read id="103" name="Zilky_Feet_Front"/>
   <peg id="104" name="Zilky_Body-P"/>
   <bone id="105" name="Zilky_Deformation-Body_Bone"/>
   <bone id="106" name="Zilky_Deformation-Body_Bone_1"/>
   <peg id="107" name="Zilky_KinematicOutput_20"/>
   <peg id="108" name="Zilky_Hip-P"/>
   <deform id="109" name="Zilky_Deformation-Hip_Bone_1-DEFORM"/>
   <deformRoot id="110" name="Zilky_Deformation-Hip_Bone_1-DEFORM-ROOT"/>
   <bone id="111" name="Zilky_Deformation-Hip_Bone"/>
   <bone id="112" name="Zilky_Deformation-Hip_Bone_1"/>
   <read id="113" name="Zilky_Hip_B"/>
   <deform id="114" name="Zilky_Deformation-Body_Bone_1-DEFORM"/>
   <deformRoot id="115" name="Zilky_Deformation-Body_Bone_1-DEFORM-ROOT"/>
   <bone id="116" name="Zilky_Deformation-Body_Bone"/>
   <bone id="117" name="Zilky_Deformation-Body_Bone_1"/>
   <peg id="118" name="Zilky_Chest-P"/>
   <read id="119" name="Zilky_Chest"/>
   <read id="120" name="Zilky_Body"/>
   <peg id="121" name="Zilky_Leg_Back-P"/>
   <bone id="122" name="Zilky_Deformation-Leg_Back_Bone"/>
   <bone id="123" name="Zilky_Deformation-Leg_Back_Bone_1"/>
   <peg id="124" name="Zilky_KinematicOutput_16"/>
   <peg id="125" name="Zilky_KneePad_Back-P"/>
   <read id="126" name="Zilky_knee_pad_back"/>
   <peg id="127" name="Zilky_KinematicOutput_17"/>
   <peg id="128" name="Zilky_GuardThigh_Back-P"/>
   <read id="129" name="Zilky_thigh_guard_back"/>
   <peg id="130" name="Zilky_KinematicOutput_18"/>
   <peg id="131" name="Zilky_GuardLeg_Back-P"/>
   <read id="132" name="Zilky_leg_guard_back"/>
   <deform id="133" name="Zilky_Deformation-Leg_Back_Bone_1-DEFORM"/>
   <deformRoot id="134" name="Zilky_Deformation-Leg_Back_Bone_1-DEFORM-ROOT"/>
   <bone id="135" name="Zilky_Deformation-Leg_Back_Bone"/>
   <bone id="136" name="Zilky_Deformation-Leg_Back_Bone_1"/>
   <read id="137" name="Zilky_Leg_Back"/>
   <bone id="138" name="Zilky_Deformation-Leg_Back_Bone"/>
   <bone id="139" name="Zilky_Deformation-Leg_Back_Bone_1"/>
   <peg id="140" name="Zilky_KinematicOutput_4"/>
   <peg id="141" name="Zilky_Feet_Back-P"/>
   <deform id="142" name="Zilky_Deformation-Feet_Back_Bone_1-DEFORM"/>
   <deformRoot id="143" name="Zilky_Deformation-Feet_Back_Bone_1-DEFORM-ROOT"/>
   <bone id="144" name="Zilky_Deformation-Feet_Back_Bone"/>
   <bone id="145" name="Zilky_Deformation-Feet_Back_Bone_1"/>
   <read id="146" name="Zilky_Feet_Back"/>
   <peg id="147" name="Zilky_KinematicOutput"/>
   <peg id="148" name="Zilky_Arm_Back-P"/>
   <bone id="149" name="Zilky_Deformation-Arm_Back_Bone"/>
   <bone id="150" name="Zilky_Deformation-Arm_Back_Bone_1"/>
   <peg id="151" name="Zilky_KinematicOutput_8"/>
   <peg id="152" name="Zilky_Wrist_Back-P_"/>
   <read id="153" name="Zilky_Wrist_Back"/>
   <peg id="154" name="Zilky_KinematicOutput_2"/>
   <peg id="155" name="Zilky_Hand_Back-P"/>
   <read id="156" name="Zilky_Hand_Back"/>
   <peg id="157" name="Zilky_Gauntlet_Back-P"/>
   <read id="158" name="Zilky_Gauntlet_Back"/>
   <peg id="159" name="Zilky_KinematicOutput_10"/>
   <peg id="160" name="Zilky_Shoulder_Back-P"/>
   <deform id="161" name="Zilky_Deformation-Shoulder_Back_Bone_1-DEFORM"/>
   <deformRoot id="162" name="Zilky_Deformation-Shoulder_Back_Bone_1-DEFORM-ROOT"/>
   <bone id="163" name="Zilky_Deformation-Shoulder_Back_Bone"/>
   <bone id="164" name="Zilky_Deformation-Shoulder_Back_Bone_1"/>
   <read id="165" name="Zilky_Shoulder_Back"/>
   <deform id="166" name="Zilky_Deformation-Arm_Back_Bone_1-DEFORM"/>
   <deformRoot id="167" name="Zilky_Deformation-Arm_Back_Bone_1-DEFORM-ROOT"/>
   <bone id="168" name="Zilky_Deformation-Arm_Back_Bone"/>
   <bone id="169" name="Zilky_Deformation-Arm_Back_Bone_1"/>
   <read id="170" name="Zilky_Arm_Back"/>
   <bone id="171" name="Zilky_Deformation-Arm_Back_Bone"/>
   <bone id="172" name="Zilky_Deformation-Arm_Back_Bone_1"/>
   <peg id="173" name="Zilky_KinematicOutput_7"/>
   <peg id="174" name="Zilky_WristBack_Back-P"/>
   <read id="175" name="Zilky_WristBack_Back"/>
  </nodes>
  <links>
   <link in="Top" out="0"/>
   <link in="0" out="1"/>
   <link in="1" out="2"/>
   <link in="2" out="3"/>
   <link in="3" out="4"/>
   <link in="4" out="5"/>
   <link in="5" out="6"/>
   <link in="6" out="7"/>
   <link in="7" out="8"/>
   <link in="8" out="9"/>
   <link in="9" out="10"/>
   <link in="7" out="11"/>
   <link in="4" out="12"/>
   <link in="12" out="13"/>
   <link in="13" out="14"/>
   <link in="14" out="15"/>
   <link in="12" out="16"/>
   <link in="16" out="17"/>
   <link in="17" out="18"/>
   <link in="16" out="19"/>
   <link in="19" out="20"/>
   <link in="4" out="21"/>
   <link in="21" out="22"/>
   <link in="22" out="23"/>
   <link in="23" out="24"/>
   <link in="24" out="25"/>
   <link in="25" out="26"/>
   <link in="23" out="27"/>
   <link in="3" out="28"/>
   <link in="28" out="29"/>
   <link in="29" out="30"/>
   <link in="30" out="31"/>
   <link in="28" out="32"/>
   <link in="3" out="33"/>
   <link in="33" out="34"/>
   <link in="34" out="35"/>
   <link in="35" out="36"/>
   <link in="36" out="37"/>
   <link in="1" out="38"/>
   <link in="38" out="39"/>
   <link in="39" out="40"/>
   <link in="40" out="41"/>
   <link in="41" out="42"/>
   <link in="42" out="43"/>
   <link in="43" out="44"/>
   <link in="41" out="45"/>
   <link in="39" out="46"/>
   <link in="46" out="47"/>
   <link in="39" out="48"/>
   <link in="48" out="49"/>
   <link in="39" out="50"/>
   <link in="50" out="51"/>
   <link in="39" out="52"/>
   <link in="52" out="53"/>
   <link in="39" out="54"/>
   <link in="54" out="55"/>
   <link in="39" out="56"/>
   <link in="56" out="57"/>
   <link in="39" out="58"/>
   <link in="58" out="59"/>
   <link in="39" out="60"/>
   <link in="60" out="61"/>
   <link in="39" out="62"/>
   <link in="62" out="63"/>
   <link in="39" out="64"/>
   <link in="64" out="65"/>
   <link in="39" out="66"/>
   <link in="66" out="67"/>
   <link in="39" out="68"/>
   <link in="68" out="69"/>
   <link in="39" out="70"/>
   <link in="70" out="71"/>
   <link in="1" out="72"/>
   <link in="72" out="73"/>
   <link in="73" out="74"/>
   <link in="74" out="75"/>
   <link in="75" out="76"/>
   <link in="73" out="77"/>
   <link in="1" out="78"/>
   <link in="78" out="79"/>
   <link in="79" out="80"/>
   <link in="80" out="81"/>
   <link in="81" out="82"/>
   <link in="82" out="83"/>
   <link in="80" out="84"/>
   <link in="84" out="85"/>
   <link in="85" out="86"/>
   <link in="80" out="87"/>
   <link in="87" out="88"/>
   <link in="88" out="89"/>
   <link in="78" out="90"/>
   <link in="90" out="91"/>
   <link in="91" out="92"/>
   <link in="92" out="93"/>
   <link in="90" out="94"/>
   <link in="78" out="95"/>
   <link in="95" out="96"/>
   <link in="96" out="97"/>
   <link in="97" out="98"/>
   <link in="98" out="99"/>
   <link in="99" out="100"/>
   <link in="100" out="101"/>
   <link in="101" out="102"/>
   <link in="99" out="103"/>
   <link in="1" out="104"/>
   <link in="104" out="105"/>
   <link in="105" out="106"/>
   <link in="106" out="107"/>
   <link in="107" out="108"/>
   <link in="108" out="109"/>
   <link in="109" out="110"/>
   <link in="110" out="111"/>
   <link in="111" out="112"/>
   <link in="109" out="113"/>
   <link in="104" out="114"/>
   <link in="114" out="115"/>
   <link in="115" out="116"/>
   <link in="116" out="117"/>
   <link in="114" out="118"/>
   <link in="118" out="119"/>
   <link in="114" out="120"/>
   <link in="1" out="121"/>
   <link in="121" out="122"/>
   <link in="122" out="123"/>
   <link in="123" out="124"/>
   <link in="124" out="125"/>
   <link in="125" out="126"/>
   <link in="123" out="127"/>
   <link in="127" out="128"/>
   <link in="128" out="129"/>
   <link in="123" out="130"/>
   <link in="130" out="131"/>
   <link in="131" out="132"/>
   <link in="121" out="133"/>
   <link in="133" out="134"/>
   <link in="134" out="135"/>
   <link in="135" out="136"/>
   <link in="133" out="137"/>
   <link in="121" out="138"/>
   <link in="138" out="139"/>
   <link in="139" out="140"/>
   <link in="140" out="141"/>
   <link in="141" out="142"/>
   <link in="142" out="143"/>
   <link in="143" out="144"/>
   <link in="144" out="145"/>
   <link in="142" out="146"/>
   <link in="1" out="147"/>
   <link in="147" out="148"/>
   <link in="148" out="149"/>
   <link in="149" out="150"/>
   <link in="150" out="151"/>
   <link in="151" out="152"/>
   <link in="152" out="153"/>
   <link in="150" out="154"/>
   <link in="154" out="155"/>
   <link in="155" out="156"/>
   <link in="154" out="157"/>
   <link in="157" out="158"/>
   <link in="149" out="159"/>
   <link in="159" out="160"/>
   <link in="160" out="161"/>
   <link in="161" out="162"/>
   <link in="162" out="163"/>
   <link in="163" out="164"/>
   <link in="161" out="165"/>
   <link in="148" out="166"/>
   <link in="166" out="167"/>
   <link in="167" out="168"/>
   <link in="168" out="169"/>
   <link in="166" out="170"/>
   <link in="148" out="171"/>
   <link in="171" out="172"/>
   <link in="172" out="173"/>
   <link in="173" out="174"/>
   <link in="174" out="175"/>
  </links>
 </skeleton>
 <skeleton name="Top_1">
  <nodes>
   <peg id="176" name="Zilky_Master-P"/>
   <peg id="177" name="Zilky_FullBody-P"/>
   <peg id="178" name="Zilky_KinematicOutput_12"/>
   <peg id="179" name="Zilky_Arm_Front-P"/>
   <bone id="180" name="Zilky_Deformation-Arm_Front_Bone"/>
   <peg id="181" name="Zilky_KinematicOutput_19"/>
   <peg id="182" name="Zilky_Weapon-P"/>
   <deform id="183" name="Zilky_Deformation-Weapon_Bone_1-DEFORM"/>
   <deformRoot id="184" name="Zilky_Deformation-Weapon_Bone_1-DEFORM-ROOT"/>
   <bone id="185" name="Zilky_Deformation-Weapon_Bone"/>
   <bone id="186" name="Zilky_Deformation-Weapon_Bone_1"/>
   <read id="187" name="Zilky_Weapon"/>
   <bone id="188" name="Zilky_Deformation-Arm_Front_Bone_1"/>
   <peg id="189" name="Zilky_KinematicOutput_6"/>
   <peg id="190" name="Zilky_ANCHOR_Wrist_Front-P"/>
   <read id="191" name="Zilky_Wrist_Front_"/>
   <peg id="192" name="Zilky_KinematicOutput_1"/>
   <peg id="193" name="Zilky_Gauntlet_Front-P"/>
   <read id="194" name="Zilky_Gauntlet_Front"/>
   <peg id="195" name="Zilky_Hand_Front-P"/>
   <read id="196" name="Zilky_Hand_Front"/>
   <peg id="197" name="Zilky_KinematicOutput_9"/>
   <peg id="198" name="Zilky_Shoulder_Front-P"/>
   <deform id="199" name="Zilky_Deformation-Shoulder_Front_Bone_1-DEFORM"/>
   <deformRoot id="200" name="Zilky_Deformation-Shoulder_Front_Bone_1-DEFORM-ROOT"/>
   <bone id="201" name="Zilky_Deformation-Shoulder_Front_Bone"/>
   <bone id="202" name="Zilky_Deformation-Shoulder_Front_Bone_1"/>
   <read id="203" name="Zilky_Shoulder_Front"/>
   <deform id="204" name="Zilky_Deformation-Arm_Front_Bone_1-DEFORM"/>
   <deformRoot id="205" name="Zilky_Deformation-Arm_Front_Bone_1-DEFORM-ROOT"/>
   <bone id="206" name="Zilky_Deformation-Arm_Front_Bone"/>
   <bone id="207" name="Zilky_Deformation-Arm_Front_Bone_1"/>
   <read id="208" name="Zilky_Arm_Front"/>
   <bone id="209" name="Zilky_Deformation-Arm_Front_Bone"/>
   <bone id="210" name="Zilky_Deformation-Arm_Front_Bone_1"/>
   <peg id="211" name="Zilky_KinematicOutput_5"/>
   <peg id="212" name="Zilky_WristBack_Front-P"/>
   <read id="213" name="Zilky_WristBack_Front"/>
   <peg id="214" name="Zilky_KinematicOutput_11"/>
   <peg id="215" name="Zilky_HEAD_Master_Head-P"/>
   <peg id="216" name="Zilky_HEAD_Headchief-P"/>
   <deform id="217" name="Zilky_HEAD_Deformation-Headchief_Bone_1-DEFORM"/>
   <deformRoot id="218" name="Zilky_HEAD_Deformation-Headchief_Bone_1-DEFORM-ROOT"/>
   <bone id="219" name="Zilky_HEAD_Deformation-Headchief_Bone"/>
   <bone id="220" name="Zilky_HEAD_Deformation-Headchief_Bone_1"/>
   <read id="221" name="Zilky_HEAD_Headchief"/>
   <peg id="222" name="Zilky_HEAD_Tattoo_Front-P"/>
   <read id="223" name="Zilky_HEAD_Tattoo_Front"/>
   <peg id="224" name="Zilky_HEAD_Tattoo_Back-P"/>
   <read id="225" name="Zilky_HEAD_Tattoo_Back"/>
   <peg id="226" name="Zilky_HEAD_Mouth-P"/>
   <read id="227" name="Zilky_HEAD_Mouth"/>
   <peg id="228" name="Zilky_HEAD_Eyebrow_Front-P"/>
   <read id="229" name="Zilky_HEAD_Eyebrow_Front"/>
   <peg id="230" name="Zilky_HEAD_Eyebrow_Back-P"/>
   <read id="231" name="Zilky_HEAD_Eyebrow_Back"/>
   <peg id="232" name="Zilky_HEAD_Hair-P"/>
   <read id="233" name="Zilky_HEAD_Hair"/>
   <peg id="234" name="Zilky_HEAD_Eyelid_Front-P"/>
   <read id="235" name="Zilky_HEAD_Eyelid_Front"/>
   <peg id="236" name="Zilky_HEAD_Pupil_Front-P"/>
   <read id="237" name="Zilky_HEAD_Pupil_Front"/>
   <peg id="238" name="Zilky_HEAD_Eye_Front-P"/>
   <read id="239" name="Zilky_HEAD_Eye_Front"/>
   <peg id="240" name="Zilky_HEAD_Eyelid_Back-P"/>
   <read id="241" name="Zilky_HEAD_Eyelid_Back"/>
   <peg id="242" name="Zilky_HEAD_Pupil_Back-P"/>
   <read id="243" name="Zilky_HEAD_Pupil_Back"/>
   <peg id="244" name="Zilky_HEAD_Eye_Back-P"/>
   <read id="245" name="Zilky_HEAD_Eye_Back"/>
   <peg id="246" name="Zilky_HEAD_Head-P"/>
   <read id="247" name="Zilky_HEAD_Head"/>
   <peg id="248" name="Zilky_Hip_A-P"/>
   <deform id="249" name="Zilky_Deformation-Hip_1_Bone_1-DEFORM"/>
   <deformRoot id="250" name="Zilky_Deformation-Hip_1_Bone_1-DEFORM-ROOT"/>
   <bone id="251" name="Zilky_Deformation-Hip_1_Bone"/>
   <bone id="252" name="Zilky_Deformation-Hip_1_Bone_1"/>
   <read id="253" name="Zilky_Hip_A"/>
   <peg id="254" name="Zilky_Leg_Front-P"/>
   <bone id="255" name="Zilky_Deformation-Leg_Front_Bone"/>
   <bone id="256" name="Zilky_Deformation-Leg_Front_Bone_1"/>
   <peg id="257" name="Zilky_KinematicOutput_13"/>
   <peg id="258" name="Zilky_KneePad_Front-P"/>
   <read id="259" name="Zilky_knee_pad_front"/>
   <peg id="260" name="Zilky_KinematicOutput_15"/>
   <peg id="261" name="Zilky_GuardLeg_Front-P"/>
   <read id="262" name="Zilky_Thigh_guard_front"/>
   <peg id="263" name="Zilky_KinematicOutput_14"/>
   <peg id="264" name="Zilky_GuardThigh_Front-P"/>
   <read id="265" name="Zilky_Leg_guard_front"/>
   <deform id="266" name="Zilky_Deformation-Leg_Front_Bone_1-DEFORM"/>
   <deformRoot id="267" name="Zilky_Deformation-Leg_Front_Bone_1-DEFORM-ROOT"/>
   <bone id="268" name="Zilky_Deformation-Leg_Front_Bone"/>
   <bone id="269" name="Zilky_Deformation-Leg_Front_Bone_1"/>
   <read id="270" name="Zilky_Leg_Front"/>
   <bone id="271" name="Zilky_Deformation-Leg_Front_Bone"/>
   <bone id="272" name="Zilky_Deformation-Leg_Front_Bone_1"/>
   <peg id="273" name="Zilky_KinematicOutput_3"/>
   <peg id="274" name="Zilky_Feet_Front-P"/>
   <deform id="275" name="Zilky_Deformation-Feet_Front_Bone_1-DEFORM"/>
   <deformRoot id="276" name="Zilky_Deformation-Feet_Front_Bone_1-DEFORM-ROOT"/>
   <bone id="277" name="Zilky_Deformation-Feet_Front_Bone"/>
   <bone id="278" name="Zilky_Deformation-Feet_Front_Bone_1"/>
   <read id="279" name="Zilky_Feet_Front"/>
   <peg id="280" name="Zilky_Body-P"/>
   <bone id="281" name="Zilky_Deformation-Body_Bone"/>
   <bone id="282" name="Zilky_Deformation-Body_Bone_1"/>
   <peg id="283" name="Zilky_KinematicOutput_20"/>
   <peg id="284" name="Zilky_Hip-P"/>
   <deform id="285" name="Zilky_Deformation-Hip_Bone_1-DEFORM"/>
   <deformRoot id="286" name="Zilky_Deformation-Hip_Bone_1-DEFORM-ROOT"/>
   <bone id="287" name="Zilky_Deformation-Hip_Bone"/>
   <bone id="288" name="Zilky_Deformation-Hip_Bone_1"/>
   <read id="289" name="Zilky_Hip_B"/>
   <deform id="290" name="Zilky_Deformation-Body_Bone_1-DEFORM"/>
   <deformRoot id="291" name="Zilky_Deformation-Body_Bone_1-DEFORM-ROOT"/>
   <bone id="292" name="Zilky_Deformation-Body_Bone"/>
   <bone id="293" name="Zilky_Deformation-Body_Bone_1"/>
   <peg id="294" name="Zilky_Chest-P"/>
   <read id="295" name="Zilky_Chest"/>
   <read id="296" name="Zilky_Body"/>
   <peg id="297" name="Zilky_Leg_Back-P"/>
   <bone id="298" name="Zilky_Deformation-Leg_Back_Bone"/>
   <bone id="299" name="Zilky_Deformation-Leg_Back_Bone_1"/>
   <peg id="300" name="Zilky_KinematicOutput_16"/>
   <peg id="301" name="Zilky_KneePad_Back-P"/>
   <read id="302" name="Zilky_knee_pad_back"/>
   <peg id="303" name="Zilky_KinematicOutput_17"/>
   <peg id="304" name="Zilky_GuardThigh_Back-P"/>
   <read id="305" name="Zilky_thigh_guard_back"/>
   <peg id="306" name="Zilky_KinematicOutput_18"/>
   <peg id="307" name="Zilky_GuardLeg_Back-P"/>
   <read id="308" name="Zilky_leg_guard_back"/>
   <deform id="309" name="Zilky_Deformation-Leg_Back_Bone_1-DEFORM"/>
   <deformRoot id="310" name="Zilky_Deformation-Leg_Back_Bone_1-DEFORM-ROOT"/>
   <bone id="311" name="Zilky_Deformation-Leg_Back_Bone"/>
   <bone id="312" name="Zilky_Deformation-Leg_Back_Bone_1"/>
   <read id="313" name="Zilky_Leg_Back"/>
   <bone id="314" name="Zilky_Deformation-Leg_Back_Bone"/>
   <bone id="315" name="Zilky_Deformation-Leg_Back_Bone_1"/>
   <peg id="316" name="Zilky_KinematicOutput_4"/>
   <peg id="317" name="Zilky_Feet_Back-P"/>
   <deform id="318" name="Zilky_Deformation-Feet_Back_Bone_1-DEFORM"/>
   <deformRoot id="319" name="Zilky_Deformation-Feet_Back_Bone_1-DEFORM-ROOT"/>
   <bone id="320" name="Zilky_Deformation-Feet_Back_Bone"/>
   <bone id="321" name="Zilky_Deformation-Feet_Back_Bone_1"/>
   <read id="322" name="Zilky_Feet_Back"/>
   <peg id="323" name="Zilky_KinematicOutput"/>
   <peg id="324" name="Zilky_Arm_Back-P"/>
   <bone id="325" name="Zilky_Deformation-Arm_Back_Bone"/>
   <bone id="326" name="Zilky_Deformation-Arm_Back_Bone_1"/>
   <peg id="327" name="Zilky_KinematicOutput_8"/>
   <peg id="328" name="Zilky_Wrist_Back-P_"/>
   <read id="329" name="Zilky_Wrist_Back"/>
   <peg id="330" name="Zilky_KinematicOutput_2"/>
   <peg id="331" name="Zilky_Hand_Back-P"/>
   <read id="332" name="Zilky_Hand_Back"/>
   <peg id="333" name="Zilky_Gauntlet_Back-P"/>
   <read id="334" name="Zilky_Gauntlet_Back"/>
   <peg id="335" name="Zilky_KinematicOutput_10"/>
   <peg id="336" name="Zilky_Shoulder_Back-P"/>
   <deform id="337" name="Zilky_Deformation-Shoulder_Back_Bone_1-DEFORM"/>
   <deformRoot id="338" name="Zilky_Deformation-Shoulder_Back_Bone_1-DEFORM-ROOT"/>
   <bone id="339" name="Zilky_Deformation-Shoulder_Back_Bone"/>
   <bone id="340" name="Zilky_Deformation-Shoulder_Back_Bone_1"/>
   <read id="341" name="Zilky_Shoulder_Back"/>
   <deform id="342" name="Zilky_Deformation-Arm_Back_Bone_1-DEFORM"/>
   <deformRoot id="343" name="Zilky_Deformation-Arm_Back_Bone_1-DEFORM-ROOT"/>
   <bone id="344" name="Zilky_Deformation-Arm_Back_Bone"/>
   <bone id="345" name="Zilky_Deformation-Arm_Back_Bone_1"/>
   <read id="346" name="Zilky_Arm_Back"/>
   <bone id="347" name="Zilky_Deformation-Arm_Back_Bone"/>
   <bone id="348" name="Zilky_Deformation-Arm_Back_Bone_1"/>
   <peg id="349" name="Zilky_KinematicOutput_7"/>
   <peg id="350" name="Zilky_WristBack_Back-P"/>
   <read id="351" name="Zilky_WristBack_Back"/>
  </nodes>
  <links>
   <link in="Top" out="176"/>
   <link in="176" out="177"/>
   <link in="177" out="178"/>
   <link in="178" out="179"/>
   <link in="179" out="180"/>
   <link in="180" out="181"/>
   <link in="181" out="182"/>
   <link in="182" out="183"/>
   <link in="183" out="184"/>
   <link in="184" out="185"/>
   <link in="185" out="186"/>
   <link in="183" out="187"/>
   <link in="180" out="188"/>
   <link in="188" out="189"/>
   <link in="189" out="190"/>
   <link in="190" out="191"/>
   <link in="188" out="192"/>
   <link in="192" out="193"/>
   <link in="193" out="194"/>
   <link in="192" out="195"/>
   <link in="195" out="196"/>
   <link in="180" out="197"/>
   <link in="197" out="198"/>
   <link in="198" out="199"/>
   <link in="199" out="200"/>
   <link in="200" out="201"/>
   <link in="201" out="202"/>
   <link in="199" out="203"/>
   <link in="179" out="204"/>
   <link in="204" out="205"/>
   <link in="205" out="206"/>
   <link in="206" out="207"/>
   <link in="204" out="208"/>
   <link in="179" out="209"/>
   <link in="209" out="210"/>
   <link in="210" out="211"/>
   <link in="211" out="212"/>
   <link in="212" out="213"/>
   <link in="177" out="214"/>
   <link in="214" out="215"/>
   <link in="215" out="216"/>
   <link in="216" out="217"/>
   <link in="217" out="218"/>
   <link in="218" out="219"/>
   <link in="219" out="220"/>
   <link in="217" out="221"/>
   <link in="215" out="222"/>
   <link in="222" out="223"/>
   <link in="215" out="224"/>
   <link in="224" out="225"/>
   <link in="215" out="226"/>
   <link in="226" out="227"/>
   <link in="215" out="228"/>
   <link in="228" out="229"/>
   <link in="215" out="230"/>
   <link in="230" out="231"/>
   <link in="215" out="232"/>
   <link in="232" out="233"/>
   <link in="215" out="234"/>
   <link in="234" out="235"/>
   <link in="215" out="236"/>
   <link in="236" out="237"/>
   <link in="215" out="238"/>
   <link in="238" out="239"/>
   <link in="215" out="240"/>
   <link in="240" out="241"/>
   <link in="215" out="242"/>
   <link in="242" out="243"/>
   <link in="215" out="244"/>
   <link in="244" out="245"/>
   <link in="215" out="246"/>
   <link in="246" out="247"/>
   <link in="177" out="248"/>
   <link in="248" out="249"/>
   <link in="249" out="250"/>
   <link in="250" out="251"/>
   <link in="251" out="252"/>
   <link in="249" out="253"/>
   <link in="177" out="254"/>
   <link in="254" out="255"/>
   <link in="255" out="256"/>
   <link in="256" out="257"/>
   <link in="257" out="258"/>
   <link in="258" out="259"/>
   <link in="256" out="260"/>
   <link in="260" out="261"/>
   <link in="261" out="262"/>
   <link in="256" out="263"/>
   <link in="263" out="264"/>
   <link in="264" out="265"/>
   <link in="254" out="266"/>
   <link in="266" out="267"/>
   <link in="267" out="268"/>
   <link in="268" out="269"/>
   <link in="266" out="270"/>
   <link in="254" out="271"/>
   <link in="271" out="272"/>
   <link in="272" out="273"/>
   <link in="273" out="274"/>
   <link in="274" out="275"/>
   <link in="275" out="276"/>
   <link in="276" out="277"/>
   <link in="277" out="278"/>
   <link in="275" out="279"/>
   <link in="177" out="280"/>
   <link in="280" out="281"/>
   <link in="281" out="282"/>
   <link in="282" out="283"/>
   <link in="283" out="284"/>
   <link in="284" out="285"/>
   <link in="285" out="286"/>
   <link in="286" out="287"/>
   <link in="287" out="288"/>
   <link in="285" out="289"/>
   <link in="280" out="290"/>
   <link in="290" out="291"/>
   <link in="291" out="292"/>
   <link in="292" out="293"/>
   <link in="290" out="294"/>
   <link in="294" out="295"/>
   <link in="290" out="296"/>
   <link in="177" out="297"/>
   <link in="297" out="298"/>
   <link in="298" out="299"/>
   <link in="299" out="300"/>
   <link in="300" out="301"/>
   <link in="301" out="302"/>
   <link in="299" out="303"/>
   <link in="303" out="304"/>
   <link in="304" out="305"/>
   <link in="299" out="306"/>
   <link in="306" out="307"/>
   <link in="307" out="308"/>
   <link in="297" out="309"/>
   <link in="309" out="310"/>
   <link in="310" out="311"/>
   <link in="311" out="312"/>
   <link in="309" out="313"/>
   <link in="297" out="314"/>
   <link in="314" out="315"/>
   <link in="315" out="316"/>
   <link in="316" out="317"/>
   <link in="317" out="318"/>
   <link in="318" out="319"/>
   <link in="319" out="320"/>
   <link in="320" out="321"/>
   <link in="318" out="322"/>
   <link in="177" out="323"/>
   <link in="323" out="324"/>
   <link in="324" out="325"/>
   <link in="325" out="326"/>
   <link in="326" out="327"/>
   <link in="327" out="328"/>
   <link in="328" out="329"/>
   <link in="326" out="330"/>
   <link in="330" out="331"/>
   <link in="331" out="332"/>
   <link in="330" out="333"/>
   <link in="333" out="334"/>
   <link in="325" out="335"/>
   <link in="335" out="336"/>
   <link in="336" out="337"/>
   <link in="337" out="338"/>
   <link in="338" out="339"/>
   <link in="339" out="340"/>
   <link in="337" out="341"/>
   <link in="324" out="342"/>
   <link in="342" out="343"/>
   <link in="343" out="344"/>
   <link in="344" out="345"/>
   <link in="342" out="346"/>
   <link in="324" out="347"/>
   <link in="347" out="348"/>
   <link in="348" out="349"/>
   <link in="349" out="350"/>
   <link in="350" out="351"/>
  </links>
 </skeleton>
</skeletons>
