<stages>
 <stage name="Zilky_3Skins5Groups_rig">
  <skin skinId="1" name="00_Empty"/>
  <skin skinId="2" name="01_Leaf"/>
  <skin skinId="3" name="02_Wood"/>
  <group groupId="1" name="Weapon"/>
  <node groupId="1" skinId="0,1,2,3" name="Zilky_Weapon" drwId="1"/>
  <group groupId="2" name="Arms"/>
  <node groupId="2" skinId="0,1,2,3" name="Zilky_Wrist_Front_" drwId="2"/>
  <node groupId="0" skinId="0,1,2,3" name="Zilky_Gauntlet_Front" drwId="3"/>
  <node groupId="0" skinId="0" name="Zilky_Hand_Front" drwId="4"/>
  <node groupId="2" skinId="0,1,2,3" name="Zilky_Shoulder_Front" drwId="5"/>
  <node groupId="0" skinId="0" name="Zilky_Arm_Front" drwId="6"/>
  <node groupId="2" skinId="0,1,2,3" name="Zilky_WristBack_Front" drwId="7"/>
  <group groupId="3" name="Head"/>
  <node groupId="3" skinId="0,1,2,3" name="Zilky_HEAD_Headchief" drwId="8"/>
  <node groupId="3" skinId="0,1,2,3" name="Zilky_HEAD_Tattoo_Front" drwId="9"/>
  <node groupId="3" skinId="0,1,2,3" name="Zilky_HEAD_Tattoo_Back" drwId="10"/>
  <node groupId="0" skinId="0" name="Zilky_HEAD_Mouth" drwId="11"/>
  <node groupId="0" skinId="0" name="Zilky_HEAD_Eyebrow_Front" drwId="12"/>
  <node groupId="0" skinId="0" name="Zilky_HEAD_Eyebrow_Back" drwId="13"/>
  <node groupId="3" skinId="0,1,2,3" name="Zilky_HEAD_Hair" drwId="14"/>
  <node groupId="0" skinId="0" name="Zilky_HEAD_Eyelid_Front" drwId="15"/>
  <node groupId="0" skinId="0" name="Zilky_HEAD_Pupil_Front" drwId="16"/>
  <node groupId="0" skinId="0" name="Zilky_HEAD_Eye_Front" drwId="17"/>
  <node groupId="0" skinId="0" name="Zilky_HEAD_Eyelid_Back" drwId="18"/>
  <node groupId="0" skinId="0" name="Zilky_HEAD_Pupil_Back" drwId="19"/>
  <node groupId="0" skinId="0" name="Zilky_HEAD_Eye_Back" drwId="20"/>
  <node groupId="0" skinId="0" name="Zilky_HEAD_Head" drwId="21"/>
  <group groupId="4" name="Body"/>
  <node groupId="4" skinId="0,1,2,3" name="Zilky_Hip_A" drwId="22"/>
  <group groupId="5" name="Legs"/>
  <node groupId="5" skinId="0,1,2,3" name="Zilky_knee_pad_front" drwId="23"/>
  <node groupId="5" skinId="0,1,2,3" name="Zilky_Thigh_guard_front" drwId="24"/>
  <node groupId="5" skinId="0,1,2,3" name="Zilky_Leg_guard_front" drwId="25"/>
  <node groupId="0" skinId="0" name="Zilky_Leg_Front" drwId="26"/>
  <node groupId="0" skinId="0" name="Zilky_Feet_Front" drwId="27"/>
  <node groupId="4" skinId="0,1,2,3" name="Zilky_Hip_B" drwId="28"/>
  <node groupId="4" skinId="0,1,2,3" name="Zilky_Chest" drwId="29"/>
  <node groupId="0" skinId="0" name="Zilky_Body" drwId="30"/>
  <node groupId="5" skinId="0,1,2,3" name="Zilky_knee_pad_back" drwId="31"/>
  <node groupId="5" skinId="0,1,2,3" name="Zilky_thigh_guard_back" drwId="32"/>
  <node groupId="5" skinId="0,1,2,3" name="Zilky_leg_guard_back" drwId="33"/>
  <node groupId="0" skinId="0" name="Zilky_Leg_Back" drwId="34"/>
  <node groupId="0" skinId="0" name="Zilky_Feet_Back" drwId="35"/>
  <node groupId="2" skinId="0,1,2,3" name="Zilky_Wrist_Back" drwId="36"/>
  <node groupId="0" skinId="0" name="Zilky_Hand_Back" drwId="37"/>
  <node groupId="0" skinId="0,1,2,3" name="Zilky_Gauntlet_Back" drwId="38"/>
  <node groupId="2" skinId="0,1,2,3" name="Zilky_Shoulder_Back" drwId="39"/>
  <node groupId="0" skinId="0" name="Zilky_Arm_Back" drwId="40"/>
  <node groupId="2" skinId="0,1,2,3" name="Zilky_WristBack_Back" drwId="41"/>
  <play drawingAnimation="rig_Top" name="Top" skeleton="Top" animation="rig_Top"/>
 </stage>
 <stage name="Zilky_3Skins5Groups_walk">
  <skin skinId="1" name="00_Empty"/>
  <skin skinId="2" name="01_Leaf"/>
  <skin skinId="3" name="02_Wood"/>
  <group groupId="1" name="Weapon"/>
  <node groupId="1" skinId="0,1,2,3" name="Zilky_Weapon" drwId="1"/>
  <group groupId="2" name="Arms"/>
  <node groupId="2" skinId="0,1,2,3" name="Zilky_Wrist_Front_" drwId="2"/>
  <node groupId="0" skinId="0,1,2,3" name="Zilky_Gauntlet_Front" drwId="3"/>
  <node groupId="0" skinId="0" name="Zilky_Hand_Front" drwId="4"/>
  <node groupId="2" skinId="0,1,2,3" name="Zilky_Shoulder_Front" drwId="5"/>
  <node groupId="0" skinId="0" name="Zilky_Arm_Front" drwId="6"/>
  <node groupId="2" skinId="0,1,2,3" name="Zilky_WristBack_Front" drwId="7"/>
  <group groupId="3" name="Head"/>
  <node groupId="3" skinId="0,1,2,3" name="Zilky_HEAD_Headchief" drwId="8"/>
  <node groupId="3" skinId="0,1,2,3" name="Zilky_HEAD_Tattoo_Front" drwId="9"/>
  <node groupId="3" skinId="0,1,2,3" name="Zilky_HEAD_Tattoo_Back" drwId="10"/>
  <node groupId="0" skinId="0" name="Zilky_HEAD_Mouth" drwId="11"/>
  <node groupId="0" skinId="0" name="Zilky_HEAD_Eyebrow_Front" drwId="12"/>
  <node groupId="0" skinId="0" name="Zilky_HEAD_Eyebrow_Back" drwId="13"/>
  <node groupId="3" skinId="0,1,2,3" name="Zilky_HEAD_Hair" drwId="14"/>
  <node groupId="0" skinId="0" name="Zilky_HEAD_Eyelid_Front" drwId="15"/>
  <node groupId="0" skinId="0" name="Zilky_HEAD_Pupil_Front" drwId="16"/>
  <node groupId="0" skinId="0" name="Zilky_HEAD_Eye_Front" drwId="17"/>
  <node groupId="0" skinId="0" name="Zilky_HEAD_Eyelid_Back" drwId="18"/>
  <node groupId="0" skinId="0" name="Zilky_HEAD_Pupil_Back" drwId="19"/>
  <node groupId="0" skinId="0" name="Zilky_HEAD_Eye_Back" drwId="20"/>
  <node groupId="0" skinId="0" name="Zilky_HEAD_Head" drwId="21"/>
  <group groupId="4" name="Body"/>
  <node groupId="4" skinId="0,1,2,3" name="Zilky_Hip_A" drwId="22"/>
  <group groupId="5" name="Legs"/>
  <node groupId="5" skinId="0,1,2,3" name="Zilky_knee_pad_front" drwId="23"/>
  <node groupId="5" skinId="0,1,2,3" name="Zilky_Thigh_guard_front" drwId="24"/>
  <node groupId="5" skinId="0,1,2,3" name="Zilky_Leg_guard_front" drwId="25"/>
  <node groupId="0" skinId="0" name="Zilky_Leg_Front" drwId="26"/>
  <node groupId="0" skinId="0" name="Zilky_Feet_Front" drwId="27"/>
  <node groupId="4" skinId="0,1,2,3" name="Zilky_Hip_B" drwId="28"/>
  <node groupId="4" skinId="0,1,2,3" name="Zilky_Chest" drwId="29"/>
  <node groupId="0" skinId="0" name="Zilky_Body" drwId="30"/>
  <node groupId="5" skinId="0,1,2,3" name="Zilky_knee_pad_back" drwId="31"/>
  <node groupId="5" skinId="0,1,2,3" name="Zilky_thigh_guard_back" drwId="32"/>
  <node groupId="5" skinId="0,1,2,3" name="Zilky_leg_guard_back" drwId="33"/>
  <node groupId="0" skinId="0" name="Zilky_Leg_Back" drwId="34"/>
  <node groupId="0" skinId="0" name="Zilky_Feet_Back" drwId="35"/>
  <node groupId="2" skinId="0,1,2,3" name="Zilky_Wrist_Back" drwId="36"/>
  <node groupId="0" skinId="0" name="Zilky_Hand_Back" drwId="37"/>
  <node groupId="0" skinId="0,1,2,3" name="Zilky_Gauntlet_Back" drwId="38"/>
  <node groupId="2" skinId="0,1,2,3" name="Zilky_Shoulder_Back" drwId="39"/>
  <node groupId="0" skinId="0" name="Zilky_Arm_Back" drwId="40"/>
  <node groupId="2" skinId="0,1,2,3" name="Zilky_WristBack_Back" drwId="41"/>
  <play drawingAnimation="walk_Top" name="Top" skeleton="Top_1" animation="walk_Top"/>
 </stage>
</stages>
